InJazz;EU
101587;YA-0020
101588;YA-0021
101589;YA-0002
101599;YA-0069
101600;YA-0068
101608;YA-0243
101609;YA-0245
101610;YA-0240
101611;YA-0241
101613;YA-0242
101614;YA-0244
101616;YA-0167
101618;YA-0004
101619;YA-0139
101620;YA-0108
101639;YA-0078
101661;YA-0066
101664;YA-0043
101665;YA-0045
101666;YA-0042
101676;YA-0017
101678;YA-0076
101679;YA-0285
101681;YA-0283
101682;YA-0284
101687;YA-0107
101688;YA-0259
101696;YA-0261
101697;YA-0143
101700;YA-0142
101705;YA-0248
101713;YA-0249
101733;YA-0100
101734;YA-0098
101735;YA-0099
101736;YA-0097
101737;YA-0096
101828;YA-0173
101831;YA-0224
101832;YA-0227
101833;YA-0225
101834;YA-0226
101837;YA-0230
101838;YA-0231
101848;YA-0074
101851;YA-0075
101854;YA-0016
101860;YA-0275
101861;YA-0146
101862;YA-0147
101866;YA-0247
101868;YA-0114
101869;YA-0113
101870;YA-0116
101871;YA-0115
101872;YA-0144
101876;YA-0012
102015;TW130ASMOM
102018;TW138ASMDCE
102019;TW138ASMSD
102231;TCCS
102930;EB-0084
102931;EB-0052
102932;EB-0060
102933;EB-0055
102946;EB-0054
102954;EB-0042
102984;EB-0047
102985;EB-0077
102986;EB-0005
102990;EB-0006
102993;EB-0015
102994;EB-0023
102995;EB-0027
102996;EB-0029
102997;EB-0022
103018;EB-0028
103019;EB-0024
103020;EB-0016
103021;EB-0061
103022;EB-0048
103023;EB-0078
104920;YA-0094
104921;YA-0092
104922;YA-0093
104923;YA-0095
104924;YA-0091
104925;YA-0089
104926;YA-0087
104927;YA-0090
104928;YA-0088
104947;YA-0101
104957;YA-0239
104959;YA-0172
104961;YA-0168
105019;YA-0274
105020;YA-0271
105021;YA-0153
105022;YA-0086
105026;YA-0035
105027;YA-0036
105028;YA-0037
105037;YA-0054
105038;YA-0140
105056;YA-0194
105057;YA-0195
105058;YA-0197
105059;YA-0200
105060;YA-0129
105147;YA-0145
105150;YA-0148
105169;YA-0103
105219;YA-0202
105220;YA-0203
105222;YA-0204
105223;YA-0205
105235;YA-0196
105236;YA-0199
105237;YA-0198
105302;YA-0228
105305;YA-0229
105355;YA-0201
106075;YA-0260
106870;YA-0155
106871;YA-0156
106872;YA-0157
106873;YA-0159
106874;YA-0161
106875;YA-0162
106876;YA-0163
106883;YA-0186
106884;YA-0188
106885;YA-0189
106888;YA-0191
106900;YA-0001
106901;YA-0003
106906;YA-0055
106907;YA-0112
106908;YA-0065
106909;YA-0267
106910;YA-0005
106911;YA-0006
106914;YA-0007
106915;YA-0084
106916;YA-0085
106926;YA-0104
106927;YA-0105
106928;YA-0106
106930;YA-0123
107287;YA-0128
107350;YA-0270
107351;YA-0011
107353;YA-0013
107354;YA-0014
107355;YA-0015
107356;YA-0253
107358;YA-0255
107362;YA-0254
107366;YA-0250
107367;YA-0251
107368;YA-0252
107372;YA-0273
107395;YA-0151
107396;YA-0152
109770;ST-0004
109772;ST-0002
109777;ST-0003
109778;ST-0001
109785;ST-0006
109790;ST-0005
110695;ST-0011
111024;DBTDLXD
111025;35619
113937;YA-0221
113938;YA-0222
113939;YA-0223
113941;YA-0217
113950;YA-0218
113960;YA-0219
113963;YA-0220
113994;YA-0117
114034;YA-0031
114110;YA-0022
114111;YA-0023
114113;YA-0026
114131;YA-0024
114132;YA-0025
114154;YA-0160
114156;YA-0187
114161;YA-0232
114163;YA-0233
114164;YA-0234
114173;YA-0056
114178;YA-0235
114182;YA-0238
114209;YA-0077
114211;YA-0040
114212;YA-0210
114213;YA-0213
114214;YA-0237
114226;YA-0141
114230;YA-0214
114231;YA-0211
114232;YA-0212
114503;YA-0053
114507;YA-0190
114586;YA-0047
114592;YA-0041
114593;YA-0044
114596;YA-0046
114598;YA-0048
114601;YA-0051
114602;YA-0052
114606;YA-0049
114607;YA-0050
114620;YA-0039
114621;YA-0158
115091;AM-0035
115095;AM-0049
115103;AM-0043
115104;AM-0044
115105;AM-0045
115106;AM-0046
115109;AM-0040
115110;AM-0041
115114;AM-0054
115118;AM-0042
115122;AM-0033
115160;AM-0034
115162;AM-0036
115184;AM-0037
115186;AM-0039
115189;AM-0038
115221;AM-0052
115222;AM-0053
115223;AM-0055
115224;AM-0048
115225;AM-0050
115226;AM-0051
115228;AM-0047
115299;YA-0072
115301;YA-0073
115336;YA-0019
115344;YA-0177
115345;YA-0176
115346;YA-0178
115347;YA-0179
115348;YA-0180
115349;YA-0181
115350;YA-0118
115351;YA-0119
115352;YA-0120
115353;YA-0121
115354;YA-0122
115359;YA-0059
115360;YA-0060
115361;YA-0057
115362;YA-0058
115363;YA-0132
115364;YA-0133
115365;YA-0134
115366;YA-0135
115367;YA-0137
115368;YA-0136
115370;YA-0138
115379;YA-0185
115383;YA-0064
115386;YA-0067
115387;YA-0018
115414;YA-0164
115420;YA-0034
116381;EB-0001
116382;EB-0025
116383;EB-0019
116384;EB-0012
116385;EB-0017
116386;EB-0010
116387;EB-0009
116388;EB-0007
116389;EB-0020
116390;EB-0013
116391;EB-0011
116393;EB-0026
116394;EB-0021
116395;EB-0014
116396;EB-0018
116397;EB-0008
116398;EB-0039
116399;EB-0040
116400;EB-0041
116401;EB-0069
116402;EB-0066
116403;EB-0063
116404;EB-0050
116405;EB-0051
116406;EB-0056
116407;EB-0043
116408;EB-0080
116409;EB-0073
116410;EB-0070
116411;EB-0071
116412;EB-0074
116413;EB-0044
116414;EB-0081
116415;EB-0057
116416;EB-0058
116417;EB-0045
116418;EB-0082
116419;EB-0075
116420;EB-0072
116421;EB-0059
116422;EB-0046
116423;EB-0083
116424;EB-0076
116434;EB-0037
116435;EB-0035
116436;EB-0033
116437;EB-0031
116438;EB-0030
116439;EB-0003
116442;EB-0036
116443;EB-0034
116444;EB-0032
116468;EB-0038
116477;EB-0064
116482;EB-0067
116484;EB-0004
116485;EB-0002
116494;EB-0053
116495;EB-0062
116496;EB-0049
116497;EB-0085
116498;EB-0079
116500;EB-0068
116501;EB-0065
117060;KU-0011
117077;KU-0001
117803;ST-0022
118606;KU-0007
118607;KU-0008
118608;KU-0009
118609;KU-0010
118611;KU-0016
118612;KU-0014
118613;KU-0015
118614;KU-0017
118615;KU-0002
118616;KU-0012
118617;KU-0013
118622;KU-0006
118623;KU-0003
118624;KU-0004
118625;KU-0005
121433;YA-0193
121553;YA-0079
121554;YA-0080
121556;YA-0032
121557;YA-0033
121665;YA-0165
121666;YA-0166
121676;YA-0192
121690;YA-0125
121730;YA-0102
121732;YA-0038
121739;YA-0209
121740;YA-0206
121741;YA-0207
121742;YA-0208
121743;YA-0061
121744;YA-0062
121746;YA-0182
121747;YA-0183
121748;YA-0184
121749;YA-0169
121752;YA-0063
121808;YA-0127
121865;YA-0174
121866;YA-0264
121867;YA-0175
121892;YA-0009
121999;YA-0236
122011;YA-0109
122013;YA-0110
122014;YA-0111
122020;YA-0124
122026;YA-0126
123075;ST-0012
123627;YA-0246
123628;YA-0027
123629;YA-0028
123630;YA-0029
123631;YA-0030
123632;YA-0256
123633;YA-0257
123634;YA-0258
123646;YA-0281
123647;YA-0170
123648;YA-0171
123807;YA-0149
123808;YA-0150
124046;YA-0282
125195;YA-0286
